{
  "Im Neuenheimer Feld 133, 69120 Heidelberg": [
    8.668062,
    49.412863
  ],
  "Im Neuenheimer Feld 522, 69120 Heidelberg": [
    8.675391,
    49.420295
  ],
  "Klostergasse 3, 69123 Heidelberg": [
    8.650086,
    49.423995
  ],
  "Elsterweg 5, 69123 Heidelberg": [
    8.650294,
    49.404077
  ],
  "Kranichweg 88, 69123 Heidelberg": [
    8.642934,
    49.394295
  ],
  "Danziger Stra\u00dfe 16, 69124 Heidelberg": [
    8.671389,
    49.383659
  ],
  "Leisberg 36, 69124 Heidelberg": [
    8.673708,
    49.383683
  ],
  "Franz-Kruckenberg-Stra\u00dfe 92, 69126 Heidelberg": [
    8.680771,
    49.382538
  ],
  "D\u00fcrerstra\u00dfe 10, 69126 Heidelberg": [
    8.684597,
    49.381417
  ],
  "Holbeinring 23, 69126 Heidelberg": [
    8.684331,
    49.382331
  ],
  "Holbeinring 7B, 69126 Heidelberg": [
    8.686384,
    49.382952
  ],
  "Marie-Clauss-Strasse 3, 69126 Heidelberg": [
    8.769869,
    49.37625
  ],
  "Curiestra\u00dfe 7, 69126 Heidelberg": [
    8.690664,
    49.375703
  ],
  "Ringstra\u00dfe 35/4, 69115 Heidelberg": [
    8.680582,
    49.402501
  ],
  "Hildastra\u00dfe 6, 69115 Heidelberg": [
    8.682145,
    49.402766
  ],
  "Gaisbergstra\u00dfe 29, 69115 Heidelberg": [
    8.693629,
    49.404258
  ],
  "Friedrichstra\u00dfe 10, 69117 Heidelberg": [
    8.702914,
    49.409785
  ],
  "Kleine Mantelgasse 17, 69117 Heidelberg": [
    8.706724,
    49.412582
  ],
  "Mozartstra\u00dfe 3, 69121 Heidelberg": [
    8.688278,
    49.42196
  ],
  "Im Neuenheimer Feld 304, 69120 Heidelberg": [
    8.670386,
    49.415261
  ]
}